id,title,description,image_link,link,product_type,brand,price,availability,item_group_id,checkout_url,additional_image_link,sale_price_effective_date,sale_price,condition,visibility,default_product,variant
wc_post_id_2405,"Oversized Shirt & Pants","size: uk 10",https://www.msbeefab.com/wp-content/uploads/2020/11/BE6DAAF3-D60B-4308-B58A-6F492D898BAB-scaled.jpg,https://www.msbeefab.com/product/oversized-shirt-pants/?attribute_size=UK+10,"Co-Ord Set","MsBeeFab",21000NGN,out of stock,wc_post_id_2333,https://www.msbeefab.com/cart/?add-to-cart=2333&variation_id=2405&attribute_size=UK+10,"https://www.msbeefab.com/wp-content/uploads/2020/11/5F7B1A9A-21B9-4A0C-9FAE-667380CDA068-scaled.jpg,https://www.msbeefab.com/wp-content/uploads/2020/11/2CDC10AC-FAC8-4589-B773-028231C7A2BE-scaled.jpg",1970-01-29T00:00+00:00/1970-01-30T23:59+00:00,21000NGN,new,published,,"size:UK 8/UK 10:UK 10"
wc_post_id_2398,"Asymmetric Pant Set","size: uk 8",https://www.msbeefab.com/wp-content/uploads/2020/07/EF5BB00B-0AC9-4AF1-9745-615A15DADC60-scaled.jpg,https://www.msbeefab.com/product/asymmetric-pant-set/?attribute_size=UK+8,"Co-Ord Set","MsBeeFab",17600NGN,out of stock,wc_post_id_2315,https://www.msbeefab.com/cart/?add-to-cart=2315&variation_id=2398&attribute_size=UK+8,"https://www.msbeefab.com/wp-content/uploads/2020/07/4F6D880A-981E-4216-AF22-02EAEAC88796-scaled.jpg,https://www.msbeefab.com/wp-content/uploads/2020/07/CC301265-C7F3-46DD-9752-1A1A91E0B76F-scaled.jpeg,https://www.msbeefab.com/wp-content/uploads/2020/07/E7F667F8-8598-4DC3-BD07-BD88C3EB3437-scaled.jpg",1970-01-29T00:00+00:00/1970-01-30T23:59+00:00,17600NGN,new,published,,"size:UK 8/UK 12:UK 8"
wc_post_id_2351,"Cold Shoulder Wrap Dress","Cold Shoulder Wrap Dress",https://www.msbeefab.com/wp-content/uploads/2020/11/76FF0F59-A977-4097-B8D5-40D30E7FC4D0-scaled.jpeg,https://www.msbeefab.com/product/cold-shoulder-wrap-dress/,"Dresses","MsBeeFab",19000NGN,out of stock,wc_post_id_2350,https://www.msbeefab.com/cart/?add-to-cart=2350&variation_id=2351&attribute_size=,"https://www.msbeefab.com/wp-content/uploads/2020/11/65F2C1FD-0CDA-453E-AFCF-A9B635D26A42-scaled.jpeg,https://www.msbeefab.com/wp-content/uploads/2020/11/B23EAD3B-AB70-420A-BCD9-D691798FAB88-scaled.jpeg",1970-01-29T00:00+00:00/1970-01-30T23:59+00:00,19000NGN,new,published,,
wc_post_id_2349,"Bishop Sleeves Wrap Dress","Bishop Sleeves Wrap Dress",https://www.msbeefab.com/wp-content/uploads/2020/11/0BA305C6-09A8-4E7F-94D4-86624AF3443D-scaled.jpeg,https://www.msbeefab.com/product/bishop-sleeves-wrap-dress-2/,"Dresses","MsBeeFab",16500NGN,in stock,wc_post_id_2348,https://www.msbeefab.com/cart/?add-to-cart=2348&variation_id=2349&attribute_size=,"https://www.msbeefab.com/wp-content/uploads/2020/11/FF461749-F739-4DD0-BBD3-0E9E2784664B-scaled.jpeg",1970-01-29T00:00+00:00/1970-01-30T23:59+00:00,16500NGN,new,published,,
wc_post_id_2347,"Bishop Sleeves Wrap Dress","Bishop Sleeves Wrap Dress",https://www.msbeefab.com/wp-content/uploads/2020/11/EB005A6C-238E-4006-B8F1-F41812F34760-scaled.jpeg,https://www.msbeefab.com/product/bishop-sleeves-wrap-dress/,"Dresses","MsBeeFab",16500NGN,in stock,wc_post_id_2346,https://www.msbeefab.com/cart/?add-to-cart=2346&variation_id=2347&attribute_size=,"https://www.msbeefab.com/wp-content/uploads/2020/11/C0C2BBE0-989E-4A34-BEA1-7724246688A3-scaled.jpeg",1970-01-29T00:00+00:00/1970-01-30T23:59+00:00,16500NGN,new,published,,
wc_post_id_2345,"Tie Detail Dress","Tie Detail Dress",https://www.msbeefab.com/wp-content/uploads/2020/11/04723AED-26B7-42CF-9CAD-946CEFD8E0B3-scaled.jpeg,https://www.msbeefab.com/product/tie-detail-dress/,"Dresses","MsBeeFab",16500NGN,out of stock,wc_post_id_2344,https://www.msbeefab.com/cart/?add-to-cart=2344&variation_id=2345&attribute_size=,"https://www.msbeefab.com/wp-content/uploads/2020/11/BF5662D5-D928-4464-B65F-7BC5686AA6C7-scaled.jpeg,https://www.msbeefab.com/wp-content/uploads/2020/11/9A0F743B-ABE6-4C75-8CA4-404F5FB3C708-scaled.jpeg",1970-01-29T00:00+00:00/1970-01-30T23:59+00:00,16500NGN,new,published,,
wc_post_id_2343,"Bubble Sleeves Short Set","Bubble Sleeves Short Set",https://www.msbeefab.com/wp-content/uploads/2020/11/E58E65AF-99DE-4BA6-A052-4BD689D4615D-scaled.jpeg,https://www.msbeefab.com/product/bubble-sleeves-short-set/,"Co-Ord Set","MsBeeFab",18000NGN,in stock,wc_post_id_2342,https://www.msbeefab.com/cart/?add-to-cart=2342&variation_id=2343&attribute_size=,"https://www.msbeefab.com/wp-content/uploads/2020/11/D4343AC9-6D3B-44AA-AE6D-C93AF9D7FB94-scaled.jpeg",1970-01-29T00:00+00:00/1970-01-30T23:59+00:00,18000NGN,new,published,,
wc_post_id_2340,"Bubble Sleeves Short Set","Bubble Sleeves Short Set",https://www.msbeefab.com/wp-content/uploads/2020/11/13E3B40E-E829-4292-9F1D-77F68E031258-scaled.jpeg,https://www.msbeefab.com/product/bubble-sleeves-short-set-2/,"Co-Ord Set","MsBeeFab",18000NGN,in stock,wc_post_id_2339,https://www.msbeefab.com/cart/?add-to-cart=2339&variation_id=2340&attribute_size=,"https://www.msbeefab.com/wp-content/uploads/2020/11/FF9C1F99-96D3-4B37-BCB4-824C45F70DE1-scaled.jpeg,https://www.msbeefab.com/wp-content/uploads/2020/11/DFE52713-C419-450D-AADF-46E794233212-scaled.jpeg",1970-01-29T00:00+00:00/1970-01-30T23:59+00:00,18000NGN,new,published,,
wc_post_id_2338,"Side Frill Pant Set","Side Frill Pant Set",https://www.msbeefab.com/wp-content/uploads/2020/11/8C2FCD82-DD12-4963-B384-91C80B4042B3-scaled.jpeg,https://www.msbeefab.com/product/side-frill-pant-set/,"Co-Ord Set","MsBeeFab",19500NGN,out of stock,wc_post_id_2337,https://www.msbeefab.com/cart/?add-to-cart=2337&variation_id=2338&attribute_size=,"https://www.msbeefab.com/wp-content/uploads/2020/11/DD3E60E3-6F76-49F1-BB1B-3D0AEC9EF8D6-scaled.jpeg,https://www.msbeefab.com/wp-content/uploads/2020/11/6A730555-7D17-4966-8BBC-96E4C3E40DA2-scaled.jpeg",1970-01-29T00:00+00:00/1970-01-30T23:59+00:00,19500NGN,new,published,,
wc_post_id_2336,"Tie Top and Frill Pants","Tie Top and Frill Pants",https://www.msbeefab.com/wp-content/uploads/2020/11/F6D2027E-E0AF-4207-9EEC-627ED30CD009-scaled.jpeg,https://www.msbeefab.com/product/tie-top-and-frill-pants/,"Co-Ord Set","MsBeeFab",18500NGN,out of stock,wc_post_id_2335,https://www.msbeefab.com/cart/?add-to-cart=2335&variation_id=2336&attribute_size=,"https://www.msbeefab.com/wp-content/uploads/2020/11/CBE2D9FA-FB0A-44A4-9E4C-8AC9A4D1240E-scaled.jpeg,https://www.msbeefab.com/wp-content/uploads/2020/11/E8A47617-6DF6-41E5-8520-248A993D732B-scaled.jpeg",1970-01-29T00:00+00:00/1970-01-30T23:59+00:00,18500NGN,new,published,,
wc_post_id_2334,"Oversized Shirt & Pants","size: uk 8",https://www.msbeefab.com/wp-content/uploads/2020/11/BE6DAAF3-D60B-4308-B58A-6F492D898BAB-scaled.jpg,https://www.msbeefab.com/product/oversized-shirt-pants/?attribute_size=UK+8,"Co-Ord Set","MsBeeFab",21000NGN,out of stock,wc_post_id_2333,https://www.msbeefab.com/cart/?add-to-cart=2333&variation_id=2334&attribute_size=UK+8,"https://www.msbeefab.com/wp-content/uploads/2020/11/5F7B1A9A-21B9-4A0C-9FAE-667380CDA068-scaled.jpg,https://www.msbeefab.com/wp-content/uploads/2020/11/2CDC10AC-FAC8-4589-B773-028231C7A2BE-scaled.jpg",1970-01-29T00:00+00:00/1970-01-30T23:59+00:00,21000NGN,new,published,,"size:UK 8/UK 10:UK 8"
wc_post_id_2332,"Kaftan Set","Kaftan Set",https://www.msbeefab.com/wp-content/uploads/2020/11/2D0CD7AA-F04C-46B6-BFFD-E3DC1438B186-scaled.jpeg,https://www.msbeefab.com/product/kaftan-set-2/,"Co-Ord Set","MsBeeFab",21000NGN,out of stock,wc_post_id_2331,https://www.msbeefab.com/cart/?add-to-cart=2331&variation_id=2332&attribute_size=,"https://www.msbeefab.com/wp-content/uploads/2020/11/54672333-AB8F-49CF-BB3E-62056658D711-scaled.jpeg,https://www.msbeefab.com/wp-content/uploads/2020/11/95CE616E-023F-4B94-AB76-A4EC001374E6-scaled.jpeg",1970-01-29T00:00+00:00/1970-01-30T23:59+00:00,21000NGN,new,published,,
wc_post_id_2316,"Asymmetric Pant Set","size: uk 12",https://www.msbeefab.com/wp-content/uploads/2020/07/EF5BB00B-0AC9-4AF1-9745-615A15DADC60-scaled.jpg,https://www.msbeefab.com/product/asymmetric-pant-set/?attribute_size=UK+12,"Co-Ord Set","MsBeeFab",17600NGN,out of stock,wc_post_id_2315,https://www.msbeefab.com/cart/?add-to-cart=2315&variation_id=2316&attribute_size=UK+12,"https://www.msbeefab.com/wp-content/uploads/2020/07/4F6D880A-981E-4216-AF22-02EAEAC88796-scaled.jpg,https://www.msbeefab.com/wp-content/uploads/2020/07/CC301265-C7F3-46DD-9752-1A1A91E0B76F-scaled.jpeg,https://www.msbeefab.com/wp-content/uploads/2020/07/E7F667F8-8598-4DC3-BD07-BD88C3EB3437-scaled.jpg",1970-01-29T00:00+00:00/1970-01-30T23:59+00:00,17600NGN,new,published,,"size:UK 8/UK 12:UK 12"
wc_post_id_2309,"Bubu Jumpsuit","Bubu Jumpsuit",https://www.msbeefab.com/wp-content/uploads/2020/07/E0CC2F27-22C5-4138-B6D2-833C1B68F87B-1-scaled.jpg,https://www.msbeefab.com/product/bubu-jumpsuit/,"Jumpsuits","MsBeeFab",18500NGN,out of stock,wc_post_id_2308,https://www.msbeefab.com/cart/?add-to-cart=2308&variation_id=2309&attribute_size=,"https://www.msbeefab.com/wp-content/uploads/2020/07/2B8484F8-5413-46CF-AD42-41241DDC7340-scaled.jpeg,https://www.msbeefab.com/wp-content/uploads/2020/07/78858C4B-001B-431E-91F3-A88302C5EF49-scaled.jpg",1970-01-29T00:00+00:00/1970-01-30T23:59+00:00,18500NGN,new,published,,
wc_post_id_2305,"Frill Pant Set","Frill Pant Set",https://www.msbeefab.com/wp-content/uploads/2020/07/FF48D0C3-4CBE-47BA-80A9-C15E400875CA-scaled.jpg,https://www.msbeefab.com/product/frill-pant-set-2/,"Co-Ord Set","MsBeeFab",17600NGN,out of stock,wc_post_id_2304,https://www.msbeefab.com/cart/?add-to-cart=2304&variation_id=2305&attribute_size=,"https://www.msbeefab.com/wp-content/uploads/2020/07/0A8EB7DF-F43B-4E1C-8E99-3CBEF5C324C7-scaled.jpg",1970-01-29T00:00+00:00/1970-01-30T23:59+00:00,17600NGN,new,published,,
wc_post_id_2299,"Frill Pant Set","size: uk 10",https://www.msbeefab.com/wp-content/uploads/2020/07/22BAD549-15E7-4548-81DB-01615B2C4341-scaled.jpeg,https://www.msbeefab.com/product/frill-pant-set/?attribute_size=UK+10,"Co-Ord Set","MsBeeFab",17600NGN,out of stock,wc_post_id_2298,https://www.msbeefab.com/cart/?add-to-cart=2298&variation_id=2299&attribute_size=UK+10,"https://www.msbeefab.com/wp-content/uploads/2020/07/943733E9-29FE-44E8-8EB1-0A495B530B47-scaled.jpg",1970-01-29T00:00+00:00/1970-01-30T23:59+00:00,17600NGN,new,published,,"size:UK 10:UK 10"
wc_post_id_2294,"Kaftan Set","Kaftan Set",https://www.msbeefab.com/wp-content/uploads/2020/07/42A78AF3-F349-45A9-A0FD-3371ACD9DBB2-scaled.jpg,https://www.msbeefab.com/product/kaftan-set/,"Co-Ord Set","MsBeeFab",18500NGN,out of stock,wc_post_id_2293,https://www.msbeefab.com/cart/?add-to-cart=2293&variation_id=2294&attribute_size=,,1970-01-29T00:00+00:00/1970-01-30T23:59+00:00,18500NGN,new,published,,
wc_post_id_2283,"Utility Jumpsuit","size: uk 10",https://www.msbeefab.com/wp-content/uploads/2020/06/Untitled-design-36.png,https://www.msbeefab.com/product/utility-jumpsuit/?attribute_size=UK+10,"Jumpsuits","MsBeeFab",20000NGN,out of stock,wc_post_id_2281,https://www.msbeefab.com/cart/?add-to-cart=2281&variation_id=2283&attribute_size=UK+10,,1970-01-29T00:00+00:00/1970-01-30T23:59+00:00,20000NGN,new,published,,"size:UK 10:UK 10"
wc_post_id_2280,"T-shirt Dress","T-shirt Dress",https://www.msbeefab.com/wp-content/uploads/2020/06/Untitled-design-17.png,https://www.msbeefab.com/product/2277/,"Dresses","MsBeeFab",15000NGN,in stock,wc_post_id_2277,https://www.msbeefab.com/cart/?add-to-cart=2277&variation_id=2280&attribute_size=,"https://www.msbeefab.com/wp-content/uploads/2020/06/Untitled-design-16.png",1970-01-29T00:00+00:00/1970-01-30T23:59+00:00,15000NGN,new,published,,
wc_post_id_2276,"Striped Frill Dress","Striped Frill Dress",https://www.msbeefab.com/wp-content/uploads/2020/06/Untitled-design-56.png,https://www.msbeefab.com/product/striped-frill-dress/,"Dresses","MsBeeFab",15000NGN,out of stock,wc_post_id_2273,https://www.msbeefab.com/cart/?add-to-cart=2273&variation_id=2276&attribute_size=,"https://www.msbeefab.com/wp-content/uploads/2020/06/Untitled-design-58.png",1970-01-29T00:00+00:00/1970-01-30T23:59+00:00,15000NGN,new,published,,
wc_post_id_2272,"Cold shoulder Short Set","Cold shoulder Short Set",https://www.msbeefab.com/wp-content/uploads/2020/06/Untitled-design-67.png,https://www.msbeefab.com/product/2270/,"Co-Ord Set","MsBeeFab",15000NGN,in stock,wc_post_id_2270,https://www.msbeefab.com/cart/?add-to-cart=2270&variation_id=2272&attribute_size=,,1970-01-29T00:00+00:00/1970-01-30T23:59+00:00,15000NGN,new,published,,
wc_post_id_2269,"Cold Shoulder Pant Set","Cold Shoulder Pant Set",https://www.msbeefab.com/wp-content/uploads/2020/06/Untitled-design-22.png,https://www.msbeefab.com/product/cold-shoulder-pant-set/,"Co-Ord Set","MsBeeFab",21500NGN,in stock,wc_post_id_2266,https://www.msbeefab.com/cart/?add-to-cart=2266&variation_id=2269&attribute_size=,"https://www.msbeefab.com/wp-content/uploads/2020/06/Untitled-design-24.png",1970-01-29T00:00+00:00/1970-01-30T23:59+00:00,21500NGN,new,published,,
wc_post_id_2265,"Shirt Dress","Shirt Dress",https://www.msbeefab.com/wp-content/uploads/2020/06/Untitled-design-33.png,https://www.msbeefab.com/product/shirt-dress/,"Dresses","MsBeeFab",15000NGN,out of stock,wc_post_id_2262,https://www.msbeefab.com/cart/?add-to-cart=2262&variation_id=2265&attribute_size=,"https://www.msbeefab.com/wp-content/uploads/2020/06/Untitled-design-32.png",1970-01-29T00:00+00:00/1970-01-30T23:59+00:00,15000NGN,new,published,,
wc_post_id_2261,"Striped Midi Dress","Striped Midi Dress",https://www.msbeefab.com/wp-content/uploads/2020/06/Untitled-design-64.png,https://www.msbeefab.com/product/striped-midi-dress/,"Dresses","MsBeeFab",15000NGN,out of stock,wc_post_id_2258,https://www.msbeefab.com/cart/?add-to-cart=2258&variation_id=2261&attribute_size=,"https://www.msbeefab.com/wp-content/uploads/2020/06/Untitled-design-63.png",1970-01-29T00:00+00:00/1970-01-30T23:59+00:00,15000NGN,new,published,,
wc_post_id_2250,"Cocoon Shirt Dress","After wash Linen Fabric Detachable belt Turn up sleeves",https://www.msbeefab.com/wp-content/uploads/2020/06/Untitled-design-66.png,https://www.msbeefab.com/product/cocoon-shirt-dress-2/,"Dresses","MsBeeFab",25000NGN,out of stock,wc_post_id_2249,https://www.msbeefab.com/cart/?add-to-cart=2249&variation_id=2250&attribute_size=,"https://www.msbeefab.com/wp-content/uploads/2020/06/Untitled-design-68.png",1970-01-29T00:00+00:00/1970-01-30T23:59+00:00,25000NGN,new,published,,
wc_post_id_2218,"Pinafore Jumpsuit","Pinafore Jumpsuit",https://www.msbeefab.com/wp-content/uploads/2020/03/79B33704-5A3E-41FD-ABF7-D154DBEC837D.jpg,https://www.msbeefab.com/product/pinafore-jumpsuit/,"Jumpsuits","MsBeeFab",15000NGN,in stock,wc_post_id_2217,https://www.msbeefab.com/cart/?add-to-cart=2217&variation_id=2218&attribute_size=,"https://www.msbeefab.com/wp-content/uploads/2020/03/6B81941B-681D-4DF6-A30B-AC50BF987679.jpeg,https://www.msbeefab.com/wp-content/uploads/2020/03/C11923D5-4C3E-4451-A5E7-AE27CACE4EE3.jpeg",1970-01-29T00:00+00:00/2038-01-17T23:59+00:00,12000NGN,new,published,,
wc_post_id_2214,"Romper","size: uk 10",https://www.msbeefab.com/wp-content/uploads/2020/03/E62CF285-3C78-4045-A8A2-D8CE5ACA4918.jpeg,https://www.msbeefab.com/product/romper/?attribute_size=UK+10,"Jumpsuits","MsBeeFab",13500NGN,out of stock,wc_post_id_2213,https://www.msbeefab.com/cart/?add-to-cart=2213&variation_id=2214&attribute_size=UK+10,"https://www.msbeefab.com/wp-content/uploads/2020/03/FAD3BD47-8A1D-404F-B7CE-173C6D8BBDC3.jpeg",1970-01-29T00:00+00:00/1970-01-30T23:59+00:00,13500NGN,new,published,,"size:UK 10:UK 10"
wc_post_id_2205,"Exaggerated Sleeves Mini Dress","size: uk 10",https://www.msbeefab.com/wp-content/uploads/2020/03/4A0CE74C-C469-43D4-A34A-8417AA37397C.jpeg,https://www.msbeefab.com/product/exaggerated-sleeves-mini-dress/?attribute_size=UK+10,"Dresses","MsBeeFab",18000NGN,in stock,wc_post_id_2204,https://www.msbeefab.com/cart/?add-to-cart=2204&variation_id=2205&attribute_size=UK+10,"https://www.msbeefab.com/wp-content/uploads/2020/03/44E27D57-D2D8-4217-AB18-E43AD2BAAD77.jpeg",1970-01-29T00:00+00:00/1970-01-30T23:59+00:00,18000NGN,new,published,,"size:UK 10:UK 10"
wc_post_id_2201,"Exaggerated Sleeves Midi Dress","size: uk 12",https://www.msbeefab.com/wp-content/uploads/2020/03/F06DFAFD-E2A4-4469-AECD-A9B80DB5E9D1.jpeg,https://www.msbeefab.com/product/exaggerated-sleeves-midi-dress/?attribute_size=UK+12,"Dresses","MsBeeFab",24500NGN,in stock,wc_post_id_2200,https://www.msbeefab.com/cart/?add-to-cart=2200&variation_id=2201&attribute_size=UK+12,"https://www.msbeefab.com/wp-content/uploads/2020/03/72DFA281-19D2-406F-AAC9-255077633AA5.jpeg",1970-01-29T00:00+00:00/1970-01-30T23:59+00:00,24500NGN,new,published,,"size:UK 12:UK 12"
wc_post_id_2197,"Short Set","size: uk 12",https://www.msbeefab.com/wp-content/uploads/2020/03/DF82422F-668A-45F5-A32C-E5E9F801BF40.jpeg,https://www.msbeefab.com/product/short-set/?attribute_size=UK+12,"Co-Ord Set","MsBeeFab",13500NGN,out of stock,wc_post_id_2196,https://www.msbeefab.com/cart/?add-to-cart=2196&variation_id=2197&attribute_size=UK+12,"https://www.msbeefab.com/wp-content/uploads/2020/03/731E87CF-3D49-496C-9143-60252D0552B0.jpeg",1970-01-29T00:00+00:00/1970-01-30T23:59+00:00,13500NGN,new,published,,"size:UK 12:UK 12"
wc_post_id_2191,"Pleated Skater Dress","size: uk 10",https://www.msbeefab.com/wp-content/uploads/2020/03/ABB8FDF8-F7F3-4C39-8481-9D4FF941BD00.jpeg,https://www.msbeefab.com/product/pleated-skater-dress/?attribute_size=UK+10,"Dresses","MsBeeFab",18000NGN,out of stock,wc_post_id_2190,https://www.msbeefab.com/cart/?add-to-cart=2190&variation_id=2191&attribute_size=UK+10,"https://www.msbeefab.com/wp-content/uploads/2020/03/4F1A280D-B8D2-4D9B-A529-1BAE5FD3DA8A.jpeg,https://www.msbeefab.com/wp-content/uploads/2020/03/FD6A0921-B285-41D4-A310-EF5073580493.jpeg",1970-01-29T00:00+00:00/1970-01-30T23:59+00:00,18000NGN,new,published,,"size:UK 10:UK 10"
wc_post_id_2187,"Patch Pocket Midi Skirt","Patch Pocket Midi Skirt",https://www.msbeefab.com/wp-content/uploads/2020/03/BEE241CA-0833-4AB4-891A-11B54B653F50.jpeg,https://www.msbeefab.com/product/patch-pocket-midi-skirt/,"Skirts","MsBeeFab",13500NGN,out of stock,wc_post_id_2186,https://www.msbeefab.com/cart/?add-to-cart=2186&variation_id=2187&attribute_size=,"https://www.msbeefab.com/wp-content/uploads/2020/03/ED33D179-EA78-4C8B-A53D-99D400C3CB9A.jpeg",1970-01-29T00:00+00:00/1970-01-30T23:59+00:00,13500NGN,new,published,,
wc_post_id_2183,"Zip Detail Midi Dress","size: uk 12",https://www.msbeefab.com/wp-content/uploads/2020/03/EE935EB1-82C5-4696-9959-2A4A8E3FA36C.jpeg,https://www.msbeefab.com/product/zip-detail-midi-dress/?attribute_size=UK+12,"Dresses","MsBeeFab",21500NGN,out of stock,wc_post_id_2182,https://www.msbeefab.com/cart/?add-to-cart=2182&variation_id=2183&attribute_size=UK+12,"https://www.msbeefab.com/wp-content/uploads/2020/03/AB6796AA-A908-464F-B627-2058222E3343.jpeg",1970-01-29T00:00+00:00/1970-01-30T23:59+00:00,21500NGN,new,published,,"size:UK 12:UK 12"
wc_post_id_2175,"Button Detail Midi Skirt Set","Button Detail Midi Skirt Set",https://www.msbeefab.com/wp-content/uploads/2020/03/10B6BD69-F867-469C-AF56-7056123C46E7.jpeg,https://www.msbeefab.com/product/button-detail-midi-skirt-set/,"Co-Ord Set","MsBeeFab",22500NGN,out of stock,wc_post_id_2174,https://www.msbeefab.com/cart/?add-to-cart=2174&variation_id=2175&attribute_size=,"https://www.msbeefab.com/wp-content/uploads/2020/03/70314644-7FB4-4072-BB09-83C41C2CF648.jpg",1970-01-29T00:00+00:00/1970-01-30T23:59+00:00,22500NGN,new,published,,
wc_post_id_2151,"Cut Out Organza Top","Cut Out Organza Top",https://www.msbeefab.com/wp-content/uploads/2020/02/AAFDD438-3098-41A4-8C27-A615C6D22840.jpg,https://www.msbeefab.com/product/organza-top/,"Co-Ord Set, Tops","MsBeeFab",18500NGN,in stock,wc_post_id_2150,https://www.msbeefab.com/cart/?add-to-cart=2150&variation_id=2151&attribute_size=,"https://www.msbeefab.com/wp-content/uploads/2020/02/69C45173-A803-4DC4-BCE6-714E575F1CBA.jpg",1970-01-29T00:00+00:00/1970-01-30T23:59+00:00,18500NGN,new,published,,
wc_post_id_2146,"Leopard Print Midi Dress","Leopard Print Midi Dress",https://www.msbeefab.com/wp-content/uploads/2020/01/9963E545-B162-4735-A1C5-244BB22B5805.jpeg,https://www.msbeefab.com/product/leopard-print-midi-dress/,"Dresses","MsBeeFab",19000NGN,out of stock,wc_post_id_2145,https://www.msbeefab.com/cart/?add-to-cart=2145&variation_id=2146&attribute_size=,"https://www.msbeefab.com/wp-content/uploads/2020/01/9433EEDC-7455-4554-BE5B-76EFF3EABF69.jpeg",1970-01-29T00:00+00:00/1970-01-30T23:59+00:00,19000NGN,new,published,,
wc_post_id_2140,"Off Shoulder Skater Dress","Off Shoulder Skater Dress",https://www.msbeefab.com/wp-content/uploads/2020/01/84717402-AEBD-45C2-AF81-2F3282FD45E2.jpeg,https://www.msbeefab.com/product/off-shoulder-skater-dress/,"Dresses","MsBeeFab",25000NGN,out of stock,wc_post_id_2139,https://www.msbeefab.com/cart/?add-to-cart=2139&variation_id=2140&attribute_size=,"https://www.msbeefab.com/wp-content/uploads/2020/01/58581641-BEB8-445F-8E8F-7F7C6468B6AC.jpeg,https://www.msbeefab.com/wp-content/uploads/2020/01/C368726B-548E-4EA2-9B77-D73DEA38E69A.jpeg",1970-01-29T00:00+00:00/1970-01-30T23:59+00:00,25000NGN,new,published,,
wc_post_id_2134,"Mesh Insert Jumpsuit","Mesh Insert Jumpsuit",https://www.msbeefab.com/wp-content/uploads/2020/01/0984AA5A-6F4C-41B6-81C2-A322CC91488F.jpeg,https://www.msbeefab.com/product/mesh-insert-jumpsuit-2/,"Jumpsuits","MsBeeFab",25000NGN,in stock,wc_post_id_2133,https://www.msbeefab.com/cart/?add-to-cart=2133&variation_id=2134&attribute_size=,"https://www.msbeefab.com/wp-content/uploads/2020/01/03DC6774-45F5-49AE-91D4-790BDDB33771.jpeg,https://www.msbeefab.com/wp-content/uploads/2020/01/51793F6A-C629-4D0B-A06E-13EFBBD04DE7.jpeg",1970-01-29T00:00+00:00/1970-01-30T23:59+00:00,25000NGN,new,published,,
wc_post_id_2127,"Mesh Insert Jumpsuit","Mesh Insert Jumpsuit",https://www.msbeefab.com/wp-content/uploads/2020/01/B33F5A7C-0DC5-4556-B93E-6C8EF0575941.jpeg,https://www.msbeefab.com/product/mesh-insert-jumpsuit/,"Jumpsuits","MsBeeFab",25000NGN,in stock,wc_post_id_2126,https://www.msbeefab.com/cart/?add-to-cart=2126&variation_id=2127&attribute_size=,"https://www.msbeefab.com/wp-content/uploads/2020/01/23ABBEE1-3D29-48FF-9A4F-766B5E0E0035.jpeg,https://www.msbeefab.com/wp-content/uploads/2020/01/4111CC44-922E-49BD-B6CD-9F91CE8F2E68.jpeg,https://www.msbeefab.com/wp-content/uploads/2020/01/DB33329D-B523-4AE6-9280-105A24C179E1.jpeg",1970-01-29T00:00+00:00/1970-01-30T23:59+00:00,25000NGN,new,published,,
wc_post_id_2120,"Frill Midi Dress","Frill Midi Dress",https://www.msbeefab.com/wp-content/uploads/2020/01/D4F138A9-CF5B-4690-9DEC-9BACADB5CAE7.jpeg,https://www.msbeefab.com/product/frill-midi-dress/,"Dresses","MsBeeFab",24500NGN,out of stock,wc_post_id_2119,https://www.msbeefab.com/cart/?add-to-cart=2119&variation_id=2120&attribute_size=,"https://www.msbeefab.com/wp-content/uploads/2020/01/18C8FFF3-5F3D-4C8B-9178-083AC0EDC14E.jpeg,https://www.msbeefab.com/wp-content/uploads/2020/01/762CA482-2C0C-49FA-A110-848925804494.jpeg",1970-01-29T00:00+00:00/1970-01-30T23:59+00:00,24500NGN,new,published,,
wc_post_id_2112,"Skater Dress","Skater Dress",https://www.msbeefab.com/wp-content/uploads/2020/01/D0452C8D-7DE7-4A9E-92EA-32F531CFFF6B.jpeg,https://www.msbeefab.com/product/skater-dress/,"Dresses","MsBeeFab",18000NGN,out of stock,wc_post_id_2111,https://www.msbeefab.com/cart/?add-to-cart=2111&variation_id=2112&attribute_size=,"https://www.msbeefab.com/wp-content/uploads/2020/01/A13C842A-ED97-4C03-BC62-1DEEE8DE9ED2.jpeg,https://www.msbeefab.com/wp-content/uploads/2020/01/542B0921-C689-4954-834D-BBF20C82224B.jpeg,https://www.msbeefab.com/wp-content/uploads/2020/01/3E5BAC70-848E-4954-9ED8-1A64E65EC6B4.jpg",1970-01-29T00:00+00:00/1970-01-30T23:59+00:00,18000NGN,new,published,,
wc_post_id_2101,"Polka dot Pant Set","size: uk 14",https://www.msbeefab.com/wp-content/uploads/2020/01/5433EF97-E895-4234-AA1B-431F5F86FE3F.jpeg,https://www.msbeefab.com/product/polka-dot-pant-set/?attribute_size=UK+14,"Co-Ord Set","MsBeeFab",20000NGN,out of stock,wc_post_id_2100,https://www.msbeefab.com/cart/?add-to-cart=2100&variation_id=2101&attribute_size=UK+14,"https://www.msbeefab.com/wp-content/uploads/2020/01/EF366069-6116-428C-A7A2-89FD63259F05.jpeg,https://www.msbeefab.com/wp-content/uploads/2020/01/72F2FF84-E8D2-4651-BD1F-D0F1E2ED9E4C.jpeg",1970-01-29T00:00+00:00/1970-01-30T23:59+00:00,20000NGN,new,published,,"size:UK 14:UK 14"
wc_post_id_2096,"Leopard Print Pant Set","Leopard Print Pant Set",https://www.msbeefab.com/wp-content/uploads/2020/01/63EEE67C-DE08-4BD4-AD81-C40D0985C21F.jpeg,https://www.msbeefab.com/product/leopard-print-pant-set/,"Co-Ord Set","MsBeeFab",20000NGN,out of stock,wc_post_id_2095,https://www.msbeefab.com/cart/?add-to-cart=2095&variation_id=2096&attribute_size=,"https://www.msbeefab.com/wp-content/uploads/2020/01/CC6376A1-9927-48D7-878A-919214B17620.jpeg,https://www.msbeefab.com/wp-content/uploads/2020/01/C7268260-B57E-41B5-ADB4-A37754514530.jpeg",1970-01-29T00:00+00:00/1970-01-30T23:59+00:00,20000NGN,new,published,,
wc_post_id_2087,"Sleeveless Pant Set","Sleeveless Pant Set",https://www.msbeefab.com/wp-content/uploads/2019/09/9353011A-A9C7-48DA-AD62-9285E272B6E5.jpeg,https://www.msbeefab.com/product/sleeveless-pant-set/,"Co-Ord Set","MsBeeFab",23000NGN,in stock,wc_post_id_2086,https://www.msbeefab.com/cart/?add-to-cart=2086&variation_id=2087&attribute_size=,"https://www.msbeefab.com/wp-content/uploads/2019/09/9705B7FA-ED3D-4A34-889B-54A75C5217DB.jpeg",1970-01-29T00:00+00:00/1970-01-30T23:59+00:00,23000NGN,new,published,,
wc_post_id_2085,"Color block Jumpsuit","Color block Jumpsuit",https://www.msbeefab.com/wp-content/uploads/2019/09/26AB74DC-4D42-484C-A2C1-706B2331CE83.jpeg,https://www.msbeefab.com/product/color-block-jumpsuit/,"Jumpsuits","MsBeeFab",23000NGN,out of stock,wc_post_id_2082,https://www.msbeefab.com/cart/?add-to-cart=2082&variation_id=2085&attribute_size=,"https://www.msbeefab.com/wp-content/uploads/2019/09/125EDCC6-FD51-4E3D-8065-49865B24B728-2.jpeg",1970-01-29T00:00+00:00/1970-01-30T23:59+00:00,23000NGN,new,published,,
wc_post_id_2073,"Bishop Sleeves Skirt Set","Bishop Sleeves Skirt Set",https://www.msbeefab.com/wp-content/uploads/2019/09/4AEB88D0-942E-4733-A339-FBC9FE62CF9C.jpeg,https://www.msbeefab.com/product/bishop-sleeves-skirt-set/,"Co-Ord Set","MsBeeFab",23000NGN,in stock,wc_post_id_2067,https://www.msbeefab.com/cart/?add-to-cart=2067&variation_id=2073&attribute_size=,"https://www.msbeefab.com/wp-content/uploads/2019/09/02F2FF5F-B053-4BA4-8A04-F9EE21A11587.jpeg,https://www.msbeefab.com/wp-content/uploads/2019/09/82A05C83-E9BC-4529-A339-11216BE5FFD6.jpeg",1970-01-29T00:00+00:00/1970-01-30T23:59+00:00,23000NGN,new,published,,
wc_post_id_2066,"Pleated Pant Set","Pleated Pant Set",https://www.msbeefab.com/wp-content/uploads/2019/09/7E6FF60E-79AE-422F-84FE-AB503A51DC89.jpeg,https://www.msbeefab.com/product/pleated-pant-set/,"Co-Ord Set","MsBeeFab",25000NGN,in stock,wc_post_id_2059,https://www.msbeefab.com/cart/?add-to-cart=2059&variation_id=2066&attribute_size=,"https://www.msbeefab.com/wp-content/uploads/2019/09/62E306FC-8D73-42EA-8E2F-4EC2118F72E4.jpeg,https://www.msbeefab.com/wp-content/uploads/2019/09/B2CA85BC-8985-450F-81FD-C64B35E78978.jpeg",1970-01-29T00:00+00:00/1970-01-30T23:59+00:00,25000NGN,new,published,,
wc_post_id_1900,"Wrap Top and Pant Set","Wrap Top and Pant Set",https://www.msbeefab.com/wp-content/uploads/2019/08/DSC_9270.jpg,https://www.msbeefab.com/product/wrap-top-and-pant-set-2/,"Co-Ord Set","MsBeeFab",18000NGN,out of stock,wc_post_id_1899,https://www.msbeefab.com/cart/?add-to-cart=1899&variation_id=1900&attribute_size=,"https://www.msbeefab.com/wp-content/uploads/2019/08/DSC_9285.jpg",1970-01-29T00:00+00:00/1970-01-30T23:59+00:00,18000NGN,new,published,,
wc_post_id_1874,"Polkadot Maxi Dress","Color: Orange",https://www.msbeefab.com/wp-content/uploads/2019/08/MSBEEFAB-019-1.jpg,https://www.msbeefab.com/product/polkadot-maxi-dress/?attribute_color=Orange,"Dresses","MsBeeFab",22000NGN,in stock,wc_post_id_1869,https://www.msbeefab.com/cart/?add-to-cart=1869&variation_id=1874&attribute_size=&attribute_color=Orange,"https://www.msbeefab.com/wp-content/uploads/2019/08/DSC_8914.jpg",1970-01-29T00:00+00:00/1970-01-30T23:59+00:00,22000NGN,new,published,,"color:Green/Peach/Orange:Orange"
wc_post_id_1872,"Polkadot Maxi Dress","Color: Peach",https://www.msbeefab.com/wp-content/uploads/2019/08/DSC_9186-1.jpg,https://www.msbeefab.com/product/polkadot-maxi-dress/?attribute_color=Peach,"Dresses","MsBeeFab",22000NGN,in stock,wc_post_id_1869,https://www.msbeefab.com/cart/?add-to-cart=1869&variation_id=1872&attribute_size=&attribute_color=Peach,"https://www.msbeefab.com/wp-content/uploads/2019/08/DSC_8914.jpg",1970-01-29T00:00+00:00/1970-01-30T23:59+00:00,22000NGN,new,published,,"color:Green/Peach/Orange:Peach"
wc_post_id_1870,"Polkadot Maxi Dress","Color: Green",https://www.msbeefab.com/wp-content/uploads/2019/08/DSC_8959-1.jpg,https://www.msbeefab.com/product/polkadot-maxi-dress/?attribute_color=Green,"Dresses","MsBeeFab",22000NGN,in stock,wc_post_id_1869,https://www.msbeefab.com/cart/?add-to-cart=1869&variation_id=1870&attribute_size=&attribute_color=Green,"https://www.msbeefab.com/wp-content/uploads/2019/08/DSC_8914.jpg",1970-01-29T00:00+00:00/1970-01-30T23:59+00:00,22000NGN,new,published,,"color:Green/Peach/Orange:Green"
wc_post_id_1865,"Polkadot Midi Dress","Polkadot Midi Dress",https://www.msbeefab.com/wp-content/uploads/2019/08/DSC_8952.jpg,https://www.msbeefab.com/product/polkadot-midi-dress/,"Dresses","MsBeeFab",20000NGN,in stock,wc_post_id_1863,https://www.msbeefab.com/cart/?add-to-cart=1863&variation_id=1865&attribute_size=,"https://www.msbeefab.com/wp-content/uploads/2019/08/DSC_8941.jpg",1970-01-29T00:00+00:00/1970-01-30T23:59+00:00,20000NGN,new,published,,
wc_post_id_1859,"Polkadot Mini Dress","Polkadot Mini Dress",https://www.msbeefab.com/wp-content/uploads/2019/08/DSC_8909.jpg,https://www.msbeefab.com/product/polkadot-mini-dress/,"Dresses","MsBeeFab",18000NGN,in stock,wc_post_id_1858,https://www.msbeefab.com/cart/?add-to-cart=1858&variation_id=1859&attribute_size=&attribute_color=,"https://www.msbeefab.com/wp-content/uploads/2019/08/MSBEEFAB-019.jpg,https://www.msbeefab.com/wp-content/uploads/2019/08/MSBEEFAB-013.jpg",1970-01-29T00:00+00:00/1970-01-30T23:59+00:00,18000NGN,new,published,,
